<?xml version="1.0"?>
<!DOCTYPE hibernate-mapping PUBLIC
	"-//Hibernate/Hibernate Mapping DTD 2.0//EN"
	"http://hibernate.sourceforge.net/hibernate-mapping-2.0.dtd">

<hibernate-mapping>

  <class name="org.lnicholls.galleon.database.Audio" table="AUDIO" schema="GALLEON">
    <meta attribute="class-description">
Auto-generated using Hibernate hbm2java tool.

Copyright (C) 2005, 2006 Leon Nicholls

This program is free software; you can redistribute it and/or modify it under the terms of the GNU General Public
License as published by the Free Software Foundation; either version 2 of the License, or (at your option) any later
version.

This program is distributed in the hope that it will be useful, but WITHOUT ANY WARRANTY; without even the implied
warranty of MERCHANTABILITY or FITNESS FOR A PARTICULAR PURPOSE. See the GNU General Public License for more details.

You should have received a copy of the GNU General Public License along with this program; if not, write to the Free
Software Foundation, Inc., 675 Mass Ave, Cambridge, MA 02139, USA.

See the file "COPYING" for more details.
    </meta>
    <meta attribute="implements">org.lnicholls.galleon.media.Media</meta>

    <!--cache usage="read-write"/-->

    <id name="id" type="int" column="ID">
      <meta attribute="scope-set">protected</meta>
      <generator class="native"/>
    </id>

    <property name="title" type="string" not-null="true">
      <!--meta attribute="finder-method">findByTitle</meta-->
      <column name="title" index="AUDIO_TITLE"/>
    </property>

    <property name="artist" type="string" not-null="true">
      <column name="artist" index="AUDIO_ARTIST"/>
    </property>

    <property name="album" type="string" not-null="true">
      <column name="album" index="AUDIO_ALBUM"/>
    </property>

    <property name="genre" type="string" not-null="true">
      <column name="genre" index="AUDIO_GENRE" length="50"/>
    </property>

    <property name="duration" type="long" not-null="true"/>

    <property name="size" type="long" not-null="true"/>

    <property name="date" type="int" not-null="true">
      <meta attribute="field-description">Year</meta>
    </property>

    <property name="track" type="int" not-null="true"/>

    <property name="bitRate" type="int" not-null="true"/>

    <property name="sampleRate" type="int" not-null="true"/>

    <property name="channels" type="int" not-null="true"/>

    <property name="comments" type="string" length="4096"/>

    <property name="lyrics" type="string" length="4096"/>

    <property name="vbr" type="true_false"/>

    <property name="mimeType" type="string" not-null="true" length="50"/>

    <property name="type" type="int" not-null="true">
      <meta attribute="field-description">One of: file=0, stream=1</meta>
    </property>

    <property name="dateModified" type="timestamp">
      <meta attribute="field-description">When the track was created</meta>
    </property>

    <property name="dateAdded" type="timestamp">
      <meta attribute="field-description">When the track was added</meta>
    </property>

    <property name="datePlayed" type="timestamp">
      <meta attribute="field-description">When the track was last played</meta>
    </property>

    <property name="path" type="string" not-null="true" length="1024">
      <column name="path" index="AUDIO_PATH"/>
    </property>

    <property name="playCount" type="int" not-null="true"/>

    <property name="rating" type="int" not-null="true">
      <column name="rating" index="AUDIO_RATING"/>
    </property>

    <property name="tone" type="string">
      <meta attribute="field-description">The mood of the track</meta>
      <column name="tone" index="AUDIO_TONE" length="50"/>
    </property>

    <property name="cover" type="int"/>

    <property name="origen" type="string" length="30"/>

    <property name="externalId" type="string">
          <column name="externalId" index="AUDIO_EXTERNALID"/>
    </property>

  </class>

	<sql-query name="testing">
	  <![CDATA[
		  select distinct audio.artist from galleon.Audio audio
  	]]>
	</sql-query>

</hibernate-mapping>
