<?xml version="1.0"?>
<!DOCTYPE hibernate-mapping PUBLIC
	"-//Hibernate/Hibernate Mapping DTD 2.0//EN"
	"http://hibernate.sourceforge.net/hibernate-mapping-2.0.dtd">

<hibernate-mapping>

  <class name="org.lnicholls.galleon.database.Image" table="IMAGE" schema="GALLEON">
    <meta attribute="class-description">
Auto-generated using Hibernate hbm2java tool.

Copyright (C) 2005, 2006 Leon Nicholls

This program is free software; you can redistribute it and/or modify it under the terms of the GNU General Public
License as published by the Free Software Foundation; either version 2 of the License, or (at your option) any later
version.

This program is distributed in the hope that it will be useful, but WITHOUT ANY WARRANTY; without even the implied
warranty of MERCHANTABILITY or FITNESS FOR A PARTICULAR PURPOSE. See the GNU General Public License for more details.

You should have received a copy of the GNU General Public License along with this program; if not, write to the Free
Software Foundation, Inc., 675 Mass Ave, Cambridge, MA 02139, USA.

See the file "COPYING" for more details.
    </meta>
    <meta attribute="implements">org.lnicholls.galleon.media.Media</meta>

    <!--cache usage="read-write"/-->

    <id name="id" type="int" column="ID">
      <meta attribute="scope-set">protected</meta>
      <generator class="native"/>
    </id>

    <property name="title" type="string" not-null="true">
      <!--meta attribute="finder-method">findByTitle</meta-->
      <column name="title" index="IMAGE_TITLE"/>
    </property>

    <property name="dateAdded" type="timestamp">
      <meta attribute="field-description">When the image was added</meta>
    </property>

    <property name="dateModified" type="timestamp">
      <meta attribute="field-description">When the image was created</meta>
    </property>

    <property name="dateCreated" type="timestamp">
      <meta attribute="field-description">When the image was added</meta>
      <column name="dateCreated" index="IMAGE_DATE_CREATED"/>
    </property>

    <property name="dateCaptured" type="timestamp">
      <meta attribute="field-description">When the image was added</meta>
    </property>

    <property name="datePlayed" type="timestamp">
      <meta attribute="field-description">When the image was last played</meta>
    </property>

    <property name="path" type="string" not-null="true" length="1024">
      <column name="path" index="IMAGE_PATH"/>
    </property>

    <property name="size" type="long" not-null="true"/>

    <property name="comments" type="string" length="2048"/>

    <property name="mimeType" type="string" not-null="true" length="50"/>

    <property name="playCount" type="int" not-null="true"/>

    <property name="rating" type="int" not-null="true">
      <column name="rating" index="IMAGE_RATING"/>
    </property>

    <property name="tone" type="string">
      <meta attribute="field-description">The mood of the image</meta>
      <column name="tone" index="IMAGE_TONE" length="50"/>
    </property>

    <property name="rotation" type="int"/>

    <property name="thumbnail" type="int"/>

    <property name="origen" type="string" length="30"/>

  </class>


</hibernate-mapping>
