<?xml version="1.0"?>
<!DOCTYPE hibernate-mapping PUBLIC
	"-//Hibernate/Hibernate Mapping DTD 2.0//EN"
	"http://hibernate.sourceforge.net/hibernate-mapping-2.0.dtd">

<hibernate-mapping>

  <class name="org.lnicholls.galleon.database.Movie" table="MOVIE" schema="GALLEON">
    <meta attribute="class-description">
Auto-generated using Hibernate hbm2java tool.

Copyright (C) 2005, 2006 Leon Nicholls

This program is free software; you can redistribute it and/or modify it under the terms of the GNU General Public
License as published by the Free Software Foundation; either version 2 of the License, or (at your option) any later
version.

This program is distributed in the hope that it will be useful, but WITHOUT ANY WARRANTY; without even the implied
warranty of MERCHANTABILITY or FITNESS FOR A PARTICULAR PURPOSE. See the GNU General Public License for more details.

You should have received a copy of the GNU General Public License along with this program; if not, write to the Free
Software Foundation, Inc., 675 Mass Ave, Cambridge, MA 02139, USA.

See the file "COPYING" for more details.
    </meta>
    <meta attribute="implements">org.lnicholls.galleon.media.Media</meta>

    <!--cache usage="read-write"/-->

    <id name="id" type="int" column="ID">
      <meta attribute="scope-set">protected</meta>
      <generator class="native"/>
    </id>

    <property name="externalId" type="string" not-null="true">
      <column name="externalId" index="MOVIE_EXTERNAL_ID"/>
    </property>

	<property name="IMDB" type="string" not-null="true">
      <column name="IMDB" index="MOVIE_IMDB"/>
    </property>

    <property name="title" type="string" not-null="true">
      <!--meta attribute="finder-method">findByTitle</meta-->
      <column name="title" index="MOVIE_TITLE"/>
    </property>
    <property name="path" type="string" not-null="true" length="1024">
      <column name="path" index="MOVIE_PATH"/>
    </property>
    <property name="url" type="string" length="1024"/>
    <property name="thumbUrl" type="string" length="1024"/>
    <property name="genre" type="string"/>
    <property name="date" type="int" not-null="true"/>
    <property name="duration" type="int" not-null="true"/>
    <property name="director" type="string"/>
    <property name="producer" type="string"/>
    <property name="rated" type="string"/>
    <property name="ratedReason" type="string"/>
    <property name="plotOutline" type="string" length="4096"/>
    <property name="plot" type="string" length="4096"/>
    <property name="tagline" type="string"/>
    <property name="votes" type="int" not-null="true"/>
    <property name="rating" type="int" not-null="true"/>
    <property name="top250" type="int" not-null="true"/>
    <property name="actors" type="string" length="4096"/>
    <property name="credits" type="string" length="4096"/>

    <property name="dateModified" type="timestamp">
      <meta attribute="field-description">When the movie was modified</meta>
    </property>
    <property name="mimeType" type="string" not-null="true" length="50"/>
    <property name="origen" type="string" length="30"/>
  </class>

</hibernate-mapping>