<?xml version="1.0"?>
<!DOCTYPE hibernate-mapping PUBLIC 
	"-//Hibernate/Hibernate Mapping DTD 2.0//EN"
	"http://hibernate.sourceforge.net/hibernate-mapping-2.0.dtd">

<hibernate-mapping>

  <class name="org.lnicholls.galleon.database.Playlist" table="PLAYLIST" schema="GALLEON">
    <meta attribute="class-description">
Auto-generated using Hibernate hbm2java tool.

Copyright (C) 2005, 2006 Leon Nicholls

This program is free software; you can redistribute it and/or modify it under the terms of the GNU General Public
License as published by the Free Software Foundation; either version 2 of the License, or (at your option) any later
version.

This program is distributed in the hope that it will be useful, but WITHOUT ANY WARRANTY; without even the implied
warranty of MERCHANTABILITY or FITNESS FOR A PARTICULAR PURPOSE. See the GNU General Public License for more details.

You should have received a copy of the GNU General Public License along with this program; if not, write to the Free
Software Foundation, Inc., 675 Mass Ave, Cambridge, MA 02139, USA.

See the file "COPYING" for more details.
    </meta>
    
    <!--cache usage="read-write"/-->
    
    <id name="id" type="int" column="ID">
      <meta attribute="scope-set">protected</meta>
      <generator class="native"/>
    </id>

    <property name="title" type="string" not-null="true">
      <!--meta attribute="finder-method">findByTitle</meta-->
      <column name="title" index="PLAYLIST_TITLE"/>
    </property>
    
    <property name="dateModified" type="timestamp">
      <meta attribute="field-description">When the track was created</meta>
    </property>    
    
    <property name="dateAdded" type="timestamp">
      <meta attribute="field-description">When the track was added</meta>
    </property>        
    
    <property name="datePlayed" type="timestamp">
      <meta attribute="field-description">When the track was last played</meta>
    </property>            
    
    <property name="playCount" type="int" not-null="true"/>    
    
    <property name="origen" type="string" length="30"/>        
    
    <property name="externalId" type="string">            
          <column name="externalId" index="PLAYLIST_EXTERNAL"/>
    </property>    
    
    <list name="tracks" table="PLAYLIST_TRACKS" cascade="all" lazy="true" batch-size="500">
      <key column="PLAYLIST_ID"/>
      <index column="TRACK"/>
      <composite-element class="org.lnicholls.galleon.database.PlaylistTrack">
        <many-to-one name="track" class="org.lnicholls.galleon.database.Audio" cascade="all">
          <column name="AUDIO_ID"/>
        </many-to-one>
      </composite-element>
    </list>    

  </class>
  
</hibernate-mapping>
