<?xml version="1.0"?>
<!DOCTYPE hibernate-mapping PUBLIC
	"-//Hibernate/Hibernate Mapping DTD 2.0//EN"
	"http://hibernate.sourceforge.net/hibernate-mapping-2.0.dtd">

<hibernate-mapping>

  <class name="org.lnicholls.galleon.database.Theater" table="THEATER" schema="GALLEON">
    <meta attribute="class-description">
Auto-generated using Hibernate hbm2java tool.

Copyright (C) 2005, 2006 Leon Nicholls

This program is free software; you can redistribute it and/or modify it under the terms of the GNU General Public
License as published by the Free Software Foundation; either version 2 of the License, or (at your option) any later
version.

This program is distributed in the hope that it will be useful, but WITHOUT ANY WARRANTY; without even the implied
warranty of MERCHANTABILITY or FITNESS FOR A PARTICULAR PURPOSE. See the GNU General Public License for more details.

You should have received a copy of the GNU General Public License along with this program; if not, write to the Free
Software Foundation, Inc., 675 Mass Ave, Cambridge, MA 02139, USA.

See the file "COPYING" for more details.
    </meta>

    <!--cache usage="read-write"/-->

    <id name="id" type="int" column="ID">
      <meta attribute="scope-set">protected</meta>
      <generator class="native"/>
    </id>

    <property name="name" type="string" not-null="true">
      <column name="title" index="THEATER_NAME"/>
    </property>

    <property name="dateModified" type="timestamp">
      <meta attribute="field-description">When the theater was updated</meta>
    </property>

    <property name="address" type="string"/>

    <property name="telephone" type="string"/>

    <list name="showtimes" table="THEATER_SHOWTIMES" cascade="all" batch-size="20">
      <key column="THEATER_ID"/>
      <index column="MOVIE"/>
      <composite-element class="org.lnicholls.galleon.database.TheaterShowtimes">
        <many-to-one name="movie" class="org.lnicholls.galleon.database.Movie">
          <column name="MOVIE_ID"/>
        </many-to-one>
	    <property name="day" type="timestamp"/>
    	<property name="times" type="string"/>
      </composite-element>
    </list>

    <property name="favorite" type="int"/>

  </class>

</hibernate-mapping>