<?xml version="1.0"?>
<!DOCTYPE hibernate-mapping PUBLIC 
	"-//Hibernate/Hibernate Mapping DTD 2.0//EN"
	"http://hibernate.sourceforge.net/hibernate-mapping-2.0.dtd">

<hibernate-mapping>

  <class name="org.lnicholls.galleon.database.Thumbnail" table="THUMBNAIL" schema="GALLEON">
    <meta attribute="class-description">
Auto-generated using Hibernate hbm2java tool.

Copyright (C) 2005, 2006 Leon Nicholls

This program is free software; you can redistribute it and/or modify it under the terms of the GNU General Public
License as published by the Free Software Foundation; either version 2 of the License, or (at your option) any later
version.

This program is distributed in the hope that it will be useful, but WITHOUT ANY WARRANTY; without even the implied
warranty of MERCHANTABILITY or FITNESS FOR A PARTICULAR PURPOSE. See the GNU General Public License for more details.

You should have received a copy of the GNU General Public License along with this program; if not, write to the Free
Software Foundation, Inc., 675 Mass Ave, Cambridge, MA 02139, USA.

See the file "COPYING" for more details.
    </meta>
    
    <id name="id" type="int" column="ID">
      <meta attribute="scope-set">protected</meta>
      <generator class="native"/>
    </id>

    <property name="title" type="string" not-null="true">
      <column name="title" index="THUMBNAIL_TITLE"/>
    </property>
    
    <property name="mimeType" type="string" not-null="true" length="50"/>
    
    <property name="dateModified" type="timestamp">
      <meta attribute="field-description">When the track was created</meta>
    </property>    
    
    <property name="keywords" type="string" not-null="true" length="1024">        
      <column name="keywords" index="THUMBNAIL_KEY"/>
    </property>    
    
    <property name="image" type="blob" length="102400">        
      <meta attribute="field-description">Image binary</meta>
    </property>     

  </class>

</hibernate-mapping>
