<?xml version="1.0"?>
<!DOCTYPE hibernate-mapping PUBLIC 
	"-//Hibernate/Hibernate Mapping DTD 2.0//EN"
	"http://hibernate.sourceforge.net/hibernate-mapping-2.0.dtd">

<hibernate-mapping>

  <class name="org.lnicholls.galleon.database.Version" table="VERSION" schema="GALLEON">
    <meta attribute="class-description">
Auto-generated using Hibernate hbm2java tool.

Copyright (C) 2005, 2006 Leon Nicholls

This program is free software; you can redistribute it and/or modify it under the terms of the GNU General Public
License as published by the Free Software Foundation; either version 2 of the License, or (at your option) any later
version.

This program is distributed in the hope that it will be useful, but WITHOUT ANY WARRANTY; without even the implied
warranty of MERCHANTABILITY or FITNESS FOR A PARTICULAR PURPOSE. See the GNU General Public License for more details.

You should have received a copy of the GNU General Public License along with this program; if not, write to the Free
Software Foundation, Inc., 675 Mass Ave, Cambridge, MA 02139, USA.

See the file "COPYING" for more details.
    </meta>
    
    <id name="id" type="int" column="ID">
      <meta attribute="scope-set">protected</meta>
      <generator class="native"/>
    </id>

    <property name="major" type="int" not-null="true">
      <meta attribute="field-description">
      Major version number.
  This changes only when there is significant, externally apparent enhancement frm the previous release.
       'n' represents the n'th version. Clients should carefully consider the implications of new versions as external interfaces 
       and behaviour may have changed.      
      </meta>
    </property>        
    
    <property name="release" type="int" not-null="true">
      <meta attribute="field-description">
      Release Number. This changes when: 
      -  a new set of functionality is to be added, eg, implementation of a new W3C specification.  
      -  API or behaviour change. 
      -  its designated as a reference release.
      </meta>
    </property>            
    
    <property name="maintenance" type="int" not-null="true">
      <meta attribute="field-description">
      Maintenance Drop Number. Optional identifier used to designate maintenance drop applied to a specific release and contains 
      fixes for defects reported. It maintains compatibility with the release and contains no API changes. When missing, it designates 
      the final and complete development drop for a release.
      </meta>
    </property>                
    
    <property name="development" type="int" not-null="true">
      <meta attribute="field-description">
      Development Drop Number.
      Optional identifier designates development drop of a specific release. D01 is the first development drop of a new release.
      Development drops are works in progress towards a compeleted, final release. A specific development drop may not completely implement 
      all aspects of a new feature, which may take several development drops to complete. At the point of the final drop for the release, 
      the D suffix will be omitted.
      Each 'D' drops can contain functional enhancements as well as defect fixes. 'D' drops may not be as stable as the final releases.
      </meta>
    </property>                    
    
    <property name="dateAdded" type="timestamp">
      <meta attribute="field-description">When the version was added</meta>
    </property>            
    
  </class>

</hibernate-mapping>
